encoder,dim,eff_rank,rank_ceiling,pc1_pct
trained,128,3.3944778442382812,27,42.36882400512695
untrained,128,1.3905810117721558,27,84.34386444091797
