space,n,dim,r,R2,perm_p
main-trained,28,128,0.5786204007387458,0.33184462333071263,0.003
orthogonal-trained,28,128,0.2748768065365515,-0.014653529923810416,0.059
random-encoder-control (seed 42),28,128,0.4638323229253522,0.20704905436384047,0.017
