seed,r,R2,perm_p
0,0.3811532576634764,0.12166718247394326,0.046
1,0.3433691061855307,-0.3540698048218609,0.047
2,0.3339335233576474,0.09802009864832029,0.043
3,0.32217302996386665,0.08390639867002947,0.05
4,0.3932047322574061,0.12476596965317888,0.03
5,0.08614835399249417,-0.9452126620962265,0.141
6,0.41169575718497503,0.1673975365345236,0.026
7,0.3346713696098955,0.08314526627291907,0.047
8,0.3217275400177396,0.07296592401307456,0.038
9,0.2759226691725773,-0.2523093908292191,0.071
