{"ari_mean": 0.45510843104974114, "ari_std": 0.19160663909975448, "ari_min": -0.0015785319652722968, "ari_max": 1.0}