encoder,dim,eff_rank,rank_ceiling,pc1_pct
trained,128,7.7421650886535645,50,20.30449676513672
untrained,128,2.0346567630767822,50,67.13296508789062
