space,n,dim,r,R2,perm_p
madrs-main-trained,27,128,0.02375951085376279,-0.5712756226164071,0.132
madrs-random-control-seed42,27,128,0.03771170689757918,-0.30928682379828953,0.126
