space,n,dim,r,R2,perm_p
zsrds-main-trained,46,128,-0.801510529844629,-0.05382423793989921,0.843
zsrds-random-control-seed42,46,128,-0.2885065413963036,-0.13041243684291026,0.328
