space,n,dim,r,R2,perm_p
bdi-main-trained,47,128,-0.7623785973387752,-0.05040649976215006,0.763
bdi-random-control-seed42,47,128,-0.08583730973586257,-0.06432259447618671,0.194
